{"cameraMode":{"drawMode":0,"name":"Shaded","section":"Shading Mode"},"sceneLighting":true,"audioPlay":false,"sceneViewState":{"showFog":true,"showMaterialUpdate":true,"showSkybox":true,"showFlares":true,"showImageEffects":true,"showParticleSystems":true},"in2DMode":false,"pivot":{"x":4.647174835205078,"y":0.9945831298828125,"z":26.060089111328126},"rotation":{"x":0.27316275238990786,"y":0.35407403111457827,"z":-0.10894707590341568,"w":0.8877748847007752},"size":50.047080993652347,"orthographic":false}